{
    "zh_cn":{
        "accepts-transfers": ["接受传输", "决定服务器是否接受传输请求"],
        "allow-flight": ["允许飞行", "开启后服务器不会检查玩家是否处于飞行状态，通常用于避免非正常踢出玩家"],
        "allow-nether": ["允许地狱", "允许玩家通过传送门前往地狱维度"],
        "broadcast-console-to-ops": ["将控制台广播给操作员", "将控制台消息发送给所有操作员"],
        "broadcast-rcon-to-ops": ["将RCON广播给操作员", "将通过RCON接收到的消息广播给操作员"],
        "bug-report-link": ["错误报告链接", "设置用于报告错误的链接"],
        "difficulty": ["难度", "设置服务器的游戏难度：0-和平，1-简单，2-普通，3-困难；1.16+支持：peaceful-和平，easy-简单，normal-普通，hard-困难"],
        "enable-command-block": ["启用命令方块", "允许使用命令方块"],
        "enable-jmx-monitoring": ["启用JMX监控", "允许使用JMX监控服务器状态"],
        "enable-query": ["启用查询", "启用GameSpy4协议服务器查询"],
        "enable-rcon": ["启用RCON", "启用远程控制台访问"],
        "enable-status": ["启用状态", "允许客户端获取服务器状态信息"],
        "enforce-secure-profile": ["强制安全资料", "确保所有连接的玩家有安全的个人资料"],
        "enforce-whitelist": ["强制白名单", "强制服务器只允许白名单上的玩家加入"],
        "entity-broadcast-range-percentage": ["实体广播范围百分比", "决定实体更新广播的距离百分比"],
        "force-gamemode": ["强制游戏模式", "玩家加入时强制更改到服务器的默认游戏模式"],
        "function-permission-level": ["功能权限级别", "决定使用函数命令所需的权限级别"],
        "gamemode": ["游戏模式", "设置服务器的默认游戏模式：survival（生存），creative（创造），adventure（冒险），spectator（旁观）"],
        "generate-structures": ["生成结构", "控制是否生成村庄、地牢等自然结构"],
        "generator-settings": ["生成器设置", "自定义世界生成器的设置"],
        "hardcore": ["极限模式", "启用极限模式，玩家死亡会被永久封禁"],
        "hellworld": ["地狱世界", "旧版中的地狱维度启用设置，现在一般使用'allow-nether'"],
        "hide-online-players": ["隐藏在线玩家", "隐藏服务器中在线玩家列表"],
        "initial-disabled-packs": ["初始禁用的资源包", "初始禁用的资源包列表"],
        "initial-enabled-packs": ["初始启用的资源包", "初始启用的资源包列表"],
        "level-name": ["世界名称", "服务器的世界名称"],
        "level-seed": ["世界种子", "设置生成世界的种子"],
        "level-type": ["世界类型", "定义世界类型，如DEFAULT、FLAT、LARGEBIOMES等"],
        "log-ips": ["记录IP", "记录玩家的IP地址"],
        "max-build-height": ["最大建筑高度", "设置玩家能够建造的最大高度"],
        "max-chained-neighbor-updates": ["最大连锁邻居更新", "限制连锁更新的最大次数，避免性能问题"],
        "max-players": ["最大玩家数量", "设置服务器允许的最大玩家数"],
        "max-tick-time": ["最大滴答时间", "设置服务器单个任务的最大时间限制，以防止服务器冻结"],
        "max-world-size": ["最大世界大小", "设置服务器的最大世界边界"],
        "motd": ["服务器信息", "服务器在玩家连接时显示的消息"],
        "network-compression-threshold": ["网络压缩阈值", "设置数据包压缩的最小字节数"],
        "online-mode": ["在线模式", "是否验证玩家的正版账户"],
        "op-permission-level": ["操作员权限级别", "设置操作员的默认权限等级"],
        "player-idle-timeout": ["玩家空闲超时", "设置玩家空闲自动踢出的时间"],
        "prevent-proxy-connections": ["防止代理连接", "防止玩家通过代理连接到服务器"],
        "pvp": ["玩家对战", "是否启用玩家间的PVP"],
        "query.port": ["查询端口", "服务器查询端口号"],
        "rate-limit": ["速率限制", "设置玩家消息发送速率的限制"],
        "rcon.password": ["RCON密码", "远程控制台访问密码"],
        "rcon.port": ["RCON端口", "远程控制台端口号"],
        "region-file-compression": ["区域文件压缩", "区域文件的压缩设置"],
        "require-resource-pack": ["需要资源包", "强制玩家使用服务器指定的资源包"],
        "resource-pack": ["资源包", "服务器提供的资源包URL"],
        "resource-pack-id": ["资源包ID", "资源包的唯一标识"],
        "resource-pack-prompt": ["资源包提示", "为玩家提供资源包提示信息"],
        "resource-pack-sha1": ["资源包SHA1", "用于验证资源包的SHA1哈希值"],
        "server-ip": ["服务器IP", "服务器绑定的IP地址"],
        "server-port": ["服务器端口", "服务器的端口号"],
        "simulation-distance": ["模拟距离", "控制实体的模拟距离"],
        "spawn-animals": ["生成动物", "是否生成动物"],
        "spawn-monsters": ["生成怪物", "是否生成怪物"],
        "spawn-npcs": ["生成NPC", "是否生成NPC"],
        "spawn-protection": ["生成保护", "设置出生点周围的保护半径"],
        "sync-chunk-writes": ["同步区块写入", "是否启用区块的同步写入"],
        "text-filtering-config": ["文本过滤配置", "配置文本过滤规则"],
        "texture-pack": ["材质包", "材质包的设置"],
        "use-native-transport": ["使用本机传输", "在Linux上启用本机传输优化"],
        "view-distance": ["视距", "控制玩家的视野范围"],
        "white-list": ["白名单", "是否启用白名单"]
    }  
}